ROGERS *799833777,MonthlyBills
MICHAELS #3974,Shopping/Kids
Amazon.ca*6O5AJ6JX3,Shopping/Kids
Amazon.ca*048079TN3,Shopping/Kids
Amazon.ca*2U8Z01XE0,Shopping/Kids
Amazon.ca*9M9782HO3,Shopping/Kids
AMZN Mktp CA*9H6Q01043,Shopping/Kids
PAYPAL *SEPHORA CA,SelfCare
SHOPPERS DRUG MART #2247,SelfCare
SAVE ON FOODS #993,Groceries
IGA 039,Groceries
SAVE ON FOODS #993,Groceries
F.I.S.H. MARKET (BROADWAY,Groceries
RIVER SUSHI,Restaurants
CITY OF VAN PAYBYPHONE,Transportation
CITY OF VAN PAYBYPHONE,Transportation
COMPASS AUTOLOAD,Transportation
